State,State code,Clean,Bioenergy,Coal,Gas,Fossil,Solar,Hydro,Nuclear,Wind,Other Renewables,Other Fossil,Total Generation,Clean_prop,Bioenergy_prop,Coal_prop,Gas_prop,Fossil_prop,Solar_prop,Hydro_prop,Nuclear_prop,Wind_prop,Other Renewables_prop,Other Fossil_prop,Total Generation_prop,Democrat,Republican,Total,Democrat_prop,Republican_prop,Total_Population,total_households,Median_income,per_capita_income,households_below_poverty_line,black_population,white_population,asian_population,native_population,black_prop,white_prop,asian_prop,yearly_sunlight_kwh_kw_threshold_avg,existing_installs_count,carbon_offset_metric_tons,carbon_offset_metric_tons_per_panel,carbon_offset_metric_tons_per_capita,existing_installs_count_per_capita,panel_utilization,carbon_offset_kg_per_panel,carbon_offset_kg
Alabama,AL,56608.38,3190.15,25943.99,62217.45,88202.31,916.36,10188.21,42313.66,0.0,0.0,40.87,144810.69,0.390912991299192,0.0220297962809237,0.1791579751467243,0.429646803008811,0.6090870087008079,0.006327985868999,0.0703553722449634,0.2921998369043059,0.0,0.0,0.0002822305452725,1.0,849624,1441170,2323282,0.3656999021212233,0.620316431668648,17899.14285714286,7152.255411255412,68369.02597402598,36653.43722943723,2272.7012987012986,4225.212121212121,11492.844155844155,592.6493506493506,45.082251082251084,0.17998707052920065,0.7268868267253438,0.021336468875180765,1081.1474176926645,2.752399118418548,3.4900651540282768,7.144639685350141,3.4900651540282768,0.0008632066795851846,7.468193175244928e-06,7144.63968535014,65011818.081239045
Alaska,AK,1909.27,40.84,726.93,3229.38,4800.59,15.72,1713.43,0.0,139.28,0.0,844.28,6709.86,0.2845469205020671,0.0060865651444292,0.1083375808139067,0.4812887303162808,0.7154530794979329,0.0023428208636245,0.2553600224147747,0.0,0.0207575120792386,0.0,0.1258267683677453,1.0,153778,189951,359530,0.4277195227102049,0.5283314327038078,26318.266666666666,10068.666666666666,78604.0,41298.26666666667,3203.5333333333333,683.7333333333333,17651.866666666665,674.7333333333333,1315.3333333333333,0.02437612639916697,0.7033384552032199,0.025078471259087902,728.1666666666665,6.0552202450108075,3.4664443720780183,0.2854051350527015,3.4664443720780183,0.00025667391219949906,1.9922058935805543e-05,285.40513505270144,87827995.94332008
Arizona,AZ,50169.07,204.27,13449.47,45053.25,58523.72,11063.08,5394.58,31942.79,1564.35,0.0,21.0,108692.79,0.4615675979979905,0.0018793334866093,0.1237383822790821,0.414500814635451,0.5384324020020096,0.1017830161503812,0.0496314428951543,0.2938814064851956,0.0143923989806499,0.0,0.0001932050874763,1.0,1672143,1661686,3387326,0.4936469061436661,0.4905598103046474,15209.696808510638,6027.005319148936,82107.59574468085,42971.54255319149,1728.3617021276596,1624.9787234042553,11067.984042553191,638.7925531914893,96.03191489361703,0.0919427769760014,0.7608476967850973,0.03439140376256546,1371.07068783854,232.03832436967252,4.995974302476087,4.030702531625429,4.995974302476087,0.07495067276764142,0.0007693748423376195,4030.702531625429,67366730.99344726
Arkansas,AR,19668.46,841.31,20360.87,26037.43,46467.52,966.73,3536.02,14323.7,0.0,0.7,69.22,66135.98,0.2973942474277995,0.0127209122780066,0.3078637377113032,0.3936953833601619,0.7026057525722005,0.0146173081581311,0.0534659046407114,0.2165795380971144,0.0,1.0584253835809193e-05,0.0010466315007353,1.0,423932,760647,1219069,0.3477506195301496,0.6239572985614432,17517.626506024095,7042.879518072289,73958.34939759035,38063.75903614458,2117.3132530120483,1290.1927710843374,14382.674698795181,467.3975903614458,52.493975903614455,0.06171572322303114,0.8467452027726962,0.01952163671566048,1069.0799524744075,3.5422082298395314,3.182246307350782,66.6965451533918,3.182246307350782,0.00043326563057504195,8.144521531384827e-06,66696.54515339181,63697356.20185467
California,CA,129805.37,5307.32,251.56,96371.55,98385.79,62909.93,17489.1,17593.25,14638.06,11867.71,1762.68,228191.16,0.5688448667336631,0.0232582191176906,0.0011024090503768,0.4223281480316766,0.4311551332663368,0.2756896016480217,0.0766423204124121,0.0770987359895974,0.0641482343137218,0.0520077552522192,0.0077245761842833,1.0,11110250,6006429,17500881,0.6348394689387351,0.3432072362528492,27871.899543378997,10289.956164383562,76610.25753424657,39290.223744292234,3707.344292237443,3642.014611872146,16373.549771689497,1529.0027397260274,258.2538812785388,0.1304710600669606,0.6181886410073728,0.04197693489741338,1295.05125877672,324.9096127237244,4.425221473512188,23.290646450730183,4.425221473512188,0.029131843966982894,0.0009283876895959094,23290.64645073019,101357652.26946647
Colorado,CO,22207.64,162.93,21723.0,15445.53,37246.43,3771.74,1323.4,0.0,16911.13,38.44,77.9,59454.07,0.3735259840074867,0.0027404347591342,0.3653744815115264,0.2597892793546346,0.6264740159925132,0.0634395593102373,0.0222591994122521,0.0,0.2844402410129366,0.0006465495129265,0.0013102551263521,1.0,1804352,1364607,3279980,0.5501106714065329,0.4160412563491241,16974.08383233533,7120.191616766467,75186.25748502994,41221.64670658683,2143.8982035928143,3508.5988023952095,11661.389221556887,682.1676646706587,23.005988023952096,0.216506913079076,0.6912688487566521,0.030749950416159286,1244.460128695473,164.54490979468105,5.931141338923834,72.39852055669277,5.931141338923834,0.04252082544435572,0.0006145382969960244,72398.52055669279,93996629.71876293
Connecticut,CT,18775.45,513.98,0.0,24530.69,25336.75,1470.32,313.54,16464.17,12.83,0.61,806.06,44112.2,0.4256294177121069,0.0116516519239575,0.0,0.5560976328544031,0.5743705822878932,0.0333313686463155,0.0071077842410943,0.3732339352832096,0.0002908492435199,1.382837400991109e-05,0.01827294943349,1.0,1080831,714717,1823857,0.5926073151568352,0.3918711828833072,36895.72881355932,11617.474576271186,99499.62146892655,45135.666666666664,4070.960451977401,1755.3785310734463,18072.830508474577,4753.54802259887,312.08474576271186,0.04271587304617477,0.5366632175706446,0.11978415186514589,988.2523987685778,37.38961517933319,2.237032131474412,13.820818716597412,2.237032131474412,0.002535932712036425,0.0013259492162902566,13820.818716597412,74856128.93255128
Delaware,DE,305.28,78.97,104.75,4749.65,5161.15,221.93,0.0,0.0,4.38,0.0,306.75,5466.43,0.0558463201760564,0.0144463571288757,0.0191624149582085,0.868876030608642,0.9441536798239436,0.0405987088465415,0.0,0.0,0.0008012542006391,0.0,0.0561152342570928,1.0,296268,200603,504346,0.5874300579364167,0.3977487677110555,,,,,,,,,,,,,,,,,,,,,
Florida,FL,49238.55,4005.84,15531.57,193310.09,211731.31,13884.58,230.96,30768.33,0.0,348.84,2889.66,260969.87,0.1886752290599677,0.0153498179694077,0.0595148014596474,0.740737196979866,0.8113247326214326,0.0532037663964809,0.0008850063802384,0.1178999322795386,0.0,0.0013367060343019,0.0110727725005189,1.0,5297045,5668731,11067456,0.4786145072544223,0.5121981962250404,21119.990237099024,8301.135285913528,95758.94281729429,49138.57880055788,2346.2147838214782,4534.188284518828,12588.781032078103,1506.5327754532775,53.47280334728033,0.1521716731659608,0.6962244260652024,0.05574027319986941,1154.2839995659983,163.58509889922138,2.826583330331903,13.691447032725392,2.826583330331903,0.0333540593169822,0.00034757833907001965,13691.44703272539,50468113.542117245
Georgia,GA,49696.01,5727.42,16778.38,59848.73,77071.28,7331.78,2533.93,34073.59,0.0,29.29,444.17,126767.29,0.3920254980602646,0.045180582467291,0.1323557520240434,0.472114928070167,0.6079745019397355,0.0578365286502535,0.0199888315037735,0.2687885021443623,0.0,0.0002310532945841,0.0035038218455249,1.0,2473633,2461854,4999960,0.4947305578444627,0.492374738997912,15689.211538461539,6733.3538461538465,70829.95384615385,40495.50384615385,2026.2884615384614,1869.7192307692308,12110.069230769232,614.7423076923077,30.846153846153847,0.11332614015062688,0.7899652609531413,0.030998510894663378,1083.8476247159995,8.305480253783028,3.058994496377365,7.1907765793166964,3.058994496377365,0.0016759550656748204,5.8473461161811863e-05,7190.7765793166955,39425246.450714216
Hawaii,HI,3163.49,277.06,647.76,0.0,7561.48,1881.69,110.08,0.0,625.42,269.24,6913.72,10724.97,0.2949649276408232,0.0258331724937225,0.0603973717408999,0.0,0.7050350723591767,0.1754494418166204,0.0102638981740741,0.0,0.0583143822313722,0.0251040329250338,0.6446377006182769,1.0,366130,196864,579784,0.6314937976901742,0.3395471416941482,29201.896551724138,11251.827586206897,100504.31034482758,50050.620689655174,2967.896551724138,391.2758620689655,24068.96551724138,810.2413793103449,194.75862068965517,0.011425337897548743,0.832946648359164,0.027950780527277088,1268.4344827586208,978.2838335253377,2.4804301326895586,0.6246909756497184,2.4804301326895586,0.06272760351095148,0.0017647281886966552,624.6909756497184,85688234.79971065
Idaho,ID,12089.06,460.4,6.27,4335.01,4391.84,711.94,8359.74,0.0,2441.69,115.29,50.56,16480.9,0.7335194073139208,0.0279353676073515,0.000380440388571,0.2630323586697328,0.266480592686079,0.0431978836107251,0.507238075590532,0.0,0.1481527101068509,0.0069953703984612,0.0030677936277751,1.0,287021,554119,868014,0.3306640215480395,0.6383756483190364,18289.55,7618.025,77402.25,40767.6,1935.0,1959.0,14232.025,323.75,54.8,0.10958373509974018,0.7759759171815797,0.01859022712143621,1121.9027362817371,16.462275815251342,3.8836630837598802,3.604434357261303,3.8836630837598802,0.0012004070901888125,6.361884834021542e-05,3604.4343572613025,67688899.91329251
Illinois,IL,125565.9,282.71,40559.22,19789.29,60913.63,2794.94,115.24,98869.58,23493.8,9.63,565.12,186479.53,0.6733495091927784,0.0015160377120212,0.2174995829300942,0.1061204412087482,0.3266504908072216,0.0149879185130936,0.0006179766755096,0.5301899892175833,0.1259859460177747,5.164105679588532e-05,0.003030466668379,1.0,3471915,2446891,6033743,0.5754164537667581,0.4055345081817372,20600.705741626793,8489.557416267942,70721.54545454546,38152.84210526316,2738.629186602871,3111.511961722488,15308.071770334927,646.0311004784689,32.4688995215311,0.14925215984501014,0.7578734643277368,0.023998454338699,986.0016296115007,6.724317566111854,4.406593797127863,9.719644560902864,4.406593797127863,0.0011241638874189023,0.0001999081974384893,9719.644560902861,93690528.94378896
Indiana,IN,12152.47,385.91,51384.11,32120.9,86230.68,1363.37,370.83,0.0,9985.21,47.15,2725.67,98383.15,0.1235218632458911,0.003922521285403,0.5222856759516239,0.3264878182900222,0.8764781367541088,0.0138577591792903,0.0037692430055349,0.0,0.101493091042521,0.0004792487331418,0.0277046425124627,1.0,1242416,1729519,3033118,0.4096167705971215,0.5702115776570512,31908.786363636365,11975.218181818182,77394.87727272727,44770.04090909091,4170.922727272728,6334.522727272727,16942.504545454547,966.0636363636364,68.00454545454545,0.1645083117885184,0.5888017543230647,0.028910220431794316,978.903841165252,6.409404014223954,4.663823761727498,34.71137034214837,4.663823761727498,0.0011784716874356043,9.459575241661142e-05,34711.37034214837,129000105.44574855
Iowa,IA,47801.34,220.14,18172.13,7339.04,25593.03,693.46,1009.83,0.0,45761.37,116.54,81.86,73394.37,0.6512943703992554,0.0029994126252463,0.2475956943291427,0.0999945908657571,0.3487056296007446,0.0094484086449682,0.0137589572606182,0.0,0.6234997316551666,0.0015878602132561,0.0011153444058447,1.0,759061,897672,1700130,0.4464723285866375,0.5280019763194579,17292.51020408163,6696.142857142857,66750.38775510204,35672.84693877551,2270.765306122449,4903.15306122449,10822.163265306122,277.09183673469386,40.275510204081634,0.31250289777683327,0.6127545285276821,0.011816176367120852,1010.2963665388776,2.9297442613261966,4.272757012412697,32.523837302230916,4.272757012412697,0.00041589519906717214,1.6911812947253935e-05,32523.837302230917,71205776.61720638
Kansas,KS,38915.22,60.84,20229.36,3362.56,23369.2,161.27,23.67,8981.96,29687.48,0.0,-222.72,62284.42,0.6247986254026289,0.0009768092887434,0.3247900518299761,0.0539871768895014,0.3752013745973712,0.0025892510518681,0.0003800308327507,0.144208776448428,0.4766437577808383,0.0,-0.0035758541221062,1.0,570323,771406,1372303,0.4155955353883216,0.5621251283426474,18054.151785714286,7321.169642857143,65818.79464285714,34460.8125,2464.4553571428573,2051.3571428571427,14002.223214285714,496.4017857142857,35.44642857142857,0.11975026569459811,0.7799923262554612,0.020830255127137882,1100.5189068215257,7.542461972775926,4.622168716598437,97.68169935557239,4.622168716598437,0.0008499451756052843,3.7862202580023324e-05,97681.69935557243,89989545.19100209
Kentucky,KY,5125.3,447.57,47053.33,16917.63,64105.26,147.9,4529.83,0.0,0.0,0.0,134.3,69230.56,0.0740323348532786,0.0064649195384234,0.6796612651984905,0.244366505196549,0.9259676651467214,0.0021363397898269,0.0654310755250282,0.0,0.0,0.0,0.0019398947516819,1.0,772474,1326646,2136768,0.3615151481115404,0.6208657186929044,24916.376146788993,9990.311926605504,66208.58715596331,38421.53211009174,3348.935779816514,6008.100917431193,16406.669724770643,518.0091743119266,74.59633027522936,0.22675149100294378,0.6791447634321084,0.017526344445187993,1003.0323972644888,7.739838791386614,4.222398031944463,4.380633418230761,4.222398031944463,0.0039012741089287386,1.9182585468022733e-05,4380.633418230761,105101311.13108777
Louisiana,LA,19705.65,2076.68,8172.86,72275.01,83061.29,468.4,916.07,16164.72,0.0,79.78,2613.42,102766.94,0.1917508685186111,0.0202076660062078,0.079528105050126,0.7032904745436616,0.8082491314813888,0.0045578860283277,0.0089140534884078,0.1572949432959665,0.0,0.000776319699701,0.0254305518876012,1.0,856034,1255776,2148062,0.3985145680152621,0.5846088241400853,22703.906832298137,8964.993788819876,74956.87577639752,39474.54658385093,3489.0683229813662,5689.217391304348,14316.683229813665,999.7018633540373,61.65217391304348,0.228425761195093,0.6597106451764405,0.03757301349589182,1083.4567477160335,54.43416765078169,4.4727378823531705,67.96111024822955,4.4727378823531705,0.02173136136706994,9.49914688059265e-05,67961.11024822955,96058890.01999508
Maine,ME,8369.63,1812.66,42.44,4142.68,4739.85,768.04,3063.33,0.0,2716.38,9.22,554.73,13109.48,0.6384410365628537,0.1382709306547628,0.003237351901067,0.3160064319866234,0.3615589634371463,0.0585866106054549,0.2336728840503208,0.0,0.2072073034170692,0.0007033078352459,0.0423151795494558,1.0,435072,360737,828305,0.5252557934577239,0.4355122811041826,39863.67272727273,14325.10909090909,101421.61818181818,52223.56363636364,4385.581818181819,1972.9272727272728,21593.145454545454,5318.581818181819,332.4909090909091,0.0433732300954174,0.5751135455526084,0.11642050509283765,978.0719803547358,8.089453996667604,2.848861555775815,58.36013136715762,2.848861555775815,0.0005897678070241423,0.00010886761273321974,58360.13136715762,81893131.18030207
Maryland,MD,19396.81,312.47,4639.31,13949.64,19025.38,1996.37,1779.68,14810.68,497.61,0.0,436.43,38422.19,0.5048335349963133,0.0081325400764506,0.1207455899832883,0.3630620742857187,0.4951664650036866,0.0519587769463427,0.0463190671848741,0.3854720410262923,0.0129511097623534,0.0,0.0113588007346796,1.0,1985023,976414,3037030,0.6536066486007711,0.3215029156774875,,,,,,,,,,,,,,,,,,,,,
Massachusetts,MA,7008.71,936.9,0.0,15775.97,17461.83,5353.15,477.57,0.0,215.68,25.41,1685.86,24470.54,0.2864141943741331,0.0382868543154339,0.0,0.6446923525185795,0.7135858056258669,0.2187589648614211,0.0195161202000446,0.0,0.0088138635273271,0.0010383914699062,0.0688934531072873,1.0,2382202,1167202,3658005,0.6512298370286536,0.3190815758863096,35096.44267515923,12418.270700636942,89362.22292993631,48541.7770700637,4771.668789808918,2912.232484076433,15774.802547770701,4166.891719745223,445.3089171974522,0.07744346094594151,0.49267509478322874,0.12443633236298458,974.7447821181676,56.510027438324514,2.053469586591112,7.552006529097973,2.053469586591112,0.00347546014560189,0.0006377798616298556,7552.00652909797,59059077.649172276
Michigan,MI,39071.93,2257.93,34482.19,41183.79,77248.46,1105.07,517.79,26013.36,9151.18,26.6,1582.48,116320.39,0.3358992348632943,0.0194113001168582,0.2964414923299346,0.3540547792179858,0.6641007651367057,0.0095002260566698,0.0044514121728787,0.2236354262567379,0.0786721915220538,0.0002286787380957,0.0136044935887852,1.0,2804040,2649852,5539302,0.5062081829082437,0.4783729069113762,23549.19476744186,9349.581395348838,72198.05523255814,42937.93023255814,2840.764534883721,2685.9273255813955,16400.10465116279,634.1627906976744,73.0813953488372,0.10075917936097412,0.7360712369937723,0.02363456780059977,944.787480303269,6.149024868783526,5.105370515976488,34.20010182420487,5.105370515976488,0.0006017155340952885,5.672797415612131e-05,34200.10182420488,113058923.02277179
Minnesota,MN,34121.48,1186.67,16158.7,8736.08,25141.09,2144.36,950.43,14696.21,15091.23,52.58,246.31,59262.57,0.5757678075723007,0.0200239375376396,0.2726628291685629,0.1474131142135752,0.4242321924276993,0.0361840534421642,0.0160376102487624,0.2479846891553977,0.2546502792572107,0.0008872379311258,0.0041562490455611,1.0,1717077,1484065,3277171,0.5239509930974001,0.4528494240916937,20194.93010752688,8011.456989247312,63470.62365591398,35190.24193548387,3057.05376344086,5663.05376344086,12963.430107526881,354.7258064516129,38.93010752688172,0.2533231839397831,0.6745464527763811,0.014182994097683845,984.3581837917188,8.677146291663012,5.294329668828102,51.7854805877546,5.294329668828102,0.000900262646650647,9.433358161835517e-05,51785.4805877546,101432971.8238036
Mississippi,MS,10424.0,1297.36,5651.37,51719.17,57379.69,525.92,0.0,8600.33,0.0,0.39,9.15,67803.69,0.1537379455306931,0.0191340618777532,0.0833490035719295,0.7627781024897022,0.8462620544693069,0.0077565100070512,0.0,0.126841621746545,0.0,5.751899343531304e-06,0.0001349484076751,1.0,539398,756764,1313759,0.410576064559786,0.5760295457538255,20163.295774647886,7863.816901408451,65952.49295774648,35711.05633802817,2470.2957746478874,3113.239436619718,14860.422535211268,395.49295774647885,74.7605633802817,0.15039230048875404,0.7507205278112005,0.016231033951503857,1089.8742761522676,6.104392171410931,3.102403966767621,3.2224325034166474,3.102403966767621,0.0010165041798794613,1.1549141482698245e-05,3222.432503416648,62843263.92280008
Missouri,MO,18745.54,113.25,52832.38,8151.58,61146.92,680.76,1549.21,8874.77,7524.6,2.95,162.96,79892.46,0.2346346576385305,0.0014175305153953,0.6612936940482242,0.1020319063901649,0.7653653423614694,0.0085209542928081,0.0193911916093208,0.1110839495992487,0.0941841069858156,3.692463594186485e-05,0.0020397419230801,1.0,1253014,1718736,3025962,0.4140878173618836,0.5679965577888949,19949.535714285714,7968.193877551021,74028.52040816327,38481.913265306124,2341.826530612245,3167.3928571428573,14510.316326530612,604.5612244897959,33.21938775510204,0.1401065965188601,0.7627137555707496,0.02195886707025747,1063.3986395820973,16.18642026600476,5.03596455386434,36.712295169577914,5.03596455386434,0.0033227521259580075,4.863891541728288e-05,36712.2951695779,103495476.66465226
Montana,MT,14020.65,27.95,11651.07,728.76,12667.54,84.91,9885.93,0.0,4021.86,0.0,287.71,26688.19,0.5253503515974669,0.0010472797143605,0.4365627642788814,0.0273064602732519,0.4746496484025331,0.0031815570857371,0.3704233970156837,0.0,0.1506981177816854,0.0,0.0107804238503997,1.0,244786,343602,603674,0.4054936936160908,0.5691846924002028,17938.217391304348,7565.391304347826,62371.608695652176,37023.34782608696,3205.608695652174,4549.608695652174,11821.782608695652,407.60869565217394,21.08695652173913,0.22581595784394412,0.6865970640866016,0.016846279236008028,1010.6869565217386,12.949066575218456,11.606708686970789,129.07292149654552,11.606708686970789,0.004364428517952136,0.00011147980937634352,129072.92149654553,92094179.56204776
Nebraska,NE,19506.58,88.51,19945.27,1260.18,21240.45,109.99,1057.37,5618.5,12614.06,18.15,35.0,40747.03,0.4787239708022892,0.0021721828560265,0.4894901542517332,0.0309269166366235,0.5212760291977109,0.0026993378413101,0.0259496213589064,0.1378873503173114,0.3095700471911695,0.000445431237565,0.000858958309354,1.0,374583,556846,956383,0.3916663094178796,0.5822416333205421,21698.027397260274,8955.328767123288,80511.13698630137,42667.32876712329,2511.123287671233,2778.3972602739727,16153.13698630137,1353.5342465753424,40.49315068493151,0.11414343476842348,0.7776062503696095,0.04928109288658422,1070.0670857192245,2.990469435215141,4.092085253661178,54.05030895638061,4.092085253661178,0.0005426881504473948,9.73965337220529e-06,54050.30895638062,99683533.54305549
Nevada,NV,16381.91,48.89,2735.26,24844.42,27594.88,10414.56,1685.78,0.0,315.55,3917.13,15.2,43976.79,0.3725126367795375,0.0011117227974119,0.0621978093444291,0.5649439170071303,0.6274873632204624,0.2368194677237697,0.0383334026880997,0.0,0.0071753759198886,0.0890726676503674,0.0003456368689028,1.0,703486,669890,1405376,0.5005678195728402,0.4766624732455941,18756.243243243243,7057.621621621622,65022.48648648649,34026.68918918919,3187.6486486486488,6017.243243243243,11212.851351351352,333.6216216216216,48.5945945945946,0.3158447494678849,0.610989976254783,0.015573737571040977,1363.4002887881118,205.55278295915247,4.4290349121135755,22.415713320428218,4.4290349121135755,0.035544894427201656,0.0006342688371868571,22415.713320428207,83739686.67683654
New Hampshire,NH,13702.09,852.76,305.46,4501.92,5302.59,244.19,1201.29,10921.53,482.32,0.0,495.21,19004.68,0.720985041579232,0.0448710528143594,0.0160728831003731,0.2368848094258887,0.2790149584207679,0.0128489403662676,0.0632102197984917,0.5746758166935724,0.0253790119065409,0.0,0.0260572658945059,1.0,424921,365654,806182,0.5270782528014766,0.453562595046776,40367.57692307692,13360.134615384615,101330.84615384616,45499.019230769234,4366.365384615385,1680.7884615384614,19116.78846153846,7186.711538461538,397.84615384615387,0.0394995602603014,0.4993163700176033,0.1772037302219565,975.5014585132437,7.616083751974893,1.8449361879758661,29.9638841978055,1.8449361879758661,0.00023136599819376325,0.0002477612673021306,29963.8841978055,69445174.36311692
New Jersey,NJ,33567.68,663.47,497.78,33394.32,34668.87,4690.9,0.0,28318.8,21.63,3.51,776.77,68236.55,0.4919310838546204,0.009723088286263,0.0072949174599243,0.4893905099246664,0.5080689161453796,0.0687446830181185,0.0,0.4150092582347729,0.0003169855451367,5.143870843411631e-05,0.0113834887607887,1.0,2608335,1883274,4549353,0.5733419675281298,0.413965238573485,30604.910675381263,10506.470588235294,114176.7211328976,57352.09150326798,3438.814814814815,1578.318082788671,14726.871459694989,5767.100217864924,287.9368191721133,0.04439747404966837,0.5343169230337013,0.1620980055482166,999.6258353446018,30.384553969760304,1.976535949397542,9.805175241025832,1.976535949397542,0.006442047066129243,0.000537987431815707,9805.175241025834,57843922.82710343
New Mexico,NM,17193.48,17.07,13292.0,10978.17,24288.71,2566.44,120.82,0.0,14434.55,54.6,18.54,41482.19,0.4144785991289273,0.000411501899972,0.3204266698551836,0.2646477922211918,0.5855214008710725,0.0618684789785688,0.0029125752521744,0.0,0.347969815479848,0.0013162275183639,0.0004469387946971,1.0,501614,401894,923965,0.5428928584957222,0.4349666924612945,19771.565217391304,7893.130434782609,58852.934782608696,35122.934782608696,3805.304347826087,7809.521739130435,9865.891304347826,474.32608695652175,149.80434782608697,0.3625861049756178,0.5349098943097601,0.024321944973197705,1416.5377781832244,98.66710581018258,5.2415929676357615,7.959246722725539,5.2415929676357615,0.02155386764444778,0.00021989477547475412,7959.246722725539,112062066.69255373
New York,NY,65497.13,1880.13,0.0,60312.01,63159.49,5256.5,26980.83,26812.16,4567.51,0.0,2847.48,128656.62,0.5090848026319983,0.0146135503948417,0.0,0.4687827956307262,0.4909151973680017,0.0408568171618374,0.2097119448653322,0.2084009357621862,0.0355015544478006,0.0,0.0221324017372755,1.0,5230985,3244798,8661735,0.603918845358349,0.3746129384009093,27568.588110403398,10542.92144373673,94795.23354564756,48228.6050955414,2835.9978768577494,1169.1273885350317,17652.808917197453,3542.375796178344,283.4649681528662,0.03845559582380589,0.6830860369252979,0.10244267328703066,994.4930331111725,37.588693728245126,1.6027757008564385,1.5757775205443705,1.6027757008564385,0.00594555163045304,0.00027319760605585387,1575.7775205443704,43754288.029662825
North Carolina,NC,61646.64,1824.87,14673.74,58131.39,73290.93,11858.41,4686.29,42644.28,546.76,86.03,485.8,134937.57,0.4568530469312586,0.0135238095661571,0.1087446587336647,0.4308021109317442,0.5431469530687413,0.0878807140220473,0.0347293196401862,0.3160297017354025,0.0040519478748579,0.0006375540926074,0.0036001834033323,1.0,2684292,2758773,5524802,0.4858621177736324,0.4993433248829551,30635.7695035461,10672.620567375887,120605.77304964539,57008.45390070922,3658.0141843971633,5679.687943262411,14652.404255319148,4301.964539007092,142.51418439716312,0.1289619871206706,0.5855909234091062,0.11931860091387195,1086.2246304818693,16.40021449333278,1.9727462296435598,35.034241333606595,1.9727462296435598,0.0017411600718553709,0.005457333431437066,35034.241333606595,41571343.80325954
North Dakota,ND,18043.02,0.0,24831.19,1453.36,26359.66,1.72,1791.41,0.0,16249.89,0.0,75.11,44402.68,0.4063497969041508,0.0,0.559227280875839,0.03273135765679,0.5936502030958491,3.873640059563972e-05,0.0403446368552528,0.0,0.3659664236483023,0.0,0.00169156456322,1.0,114902,235595,361819,0.3175676235908009,0.6511404873707572,13937.538461538461,5168.2307692307695,97071.0,55078.153846153844,1479.3846153846155,1357.3076923076924,11352.23076923077,275.0,26.076923076923077,0.10147340338117326,0.8122032332727765,0.01752276364985011,971.9423076923078,2.1391682058092742,4.328132858275526,4.185931889384106,4.328132858275526,0.0003928871996682647,2.5519513579081687e-06,4185.9318893841055,61303243.40898791
Ohio,OH,22274.59,530.15,42992.71,68864.95,112971.31,1246.67,506.97,16826.79,3154.01,10.0,1113.65,135245.9,0.1646969704811754,0.0039198970172108,0.3178854959743696,0.5091832728385851,0.8353030295188246,0.0092178025359733,0.0037485054999818,0.1244162669626214,0.0233205590705522,7.393939483562903e-05,0.0082342607058698,1.0,2679165,3154834,5922202,0.4523933834070502,0.5327130010087464,28709.662131519275,10929.40589569161,74291.179138322,39269.920634920636,3522.063492063492,8183.235827664399,16126.240362811792,1322.0385487528345,95.05442176870748,0.26442468602475155,0.5996475395119002,0.03636768286231873,955.4716319203268,7.194095185946444,6.088410309449878,84.76733046813145,6.088410309449878,0.0005899144146946853,3.6441000869877276e-05,84767.33046813148,100230868.54487243
Oklahoma,OK,39777.71,311.79,8954.03,36022.92,45009.86,166.82,1679.1,0.0,37552.75,67.25,32.91,84787.57,0.4691455363091547,0.0036773078884086,0.1056054560827725,0.4248608610908414,0.5308544636908452,0.0019675053784416,0.0198036103641135,0.0,0.4429039539640067,0.0007931587141841,0.0003881465172312,1.0,503890,1020280,1560699,0.3228617433598663,0.6537327184806295,17679.71875,6996.4453125,80470.6171875,40304.9765625,2028.71875,1304.828125,14077.640625,636.375,79.0546875,0.05398404385727627,0.8358446549393728,0.028135851783041902,1128.2364208906042,7.643898529670891,5.033661837048909,8.186058405423555,5.033661837048909,0.001479912084705806,0.00015766818204940067,8186.058405423555,65856806.96644128
Oregon,OR,42670.54,984.97,0.0,19054.76,19091.9,2012.52,31304.32,0.0,8149.19,219.54,37.14,61762.44,0.6908817073936846,0.0159477183867735,0.0,0.3085169562601477,0.3091182926063154,0.0325848525414475,0.5068504417895406,0.0,0.1319441071304825,0.0035545875454402,0.0006013363461676,1.0,1340383,958448,2374321,0.5645331865404888,0.4036724604634335,25816.626086956523,9422.173913043478,81256.4695652174,38526.208695652174,2370.669565217391,556.9652173913043,21247.895652173913,485.8782608695652,251.1478260869565,0.022738197802969796,0.8200237244795721,0.017350086123783432,921.1633570234062,87.56589782726283,2.3512842083185856,25.072453094559513,2.3512842083185856,0.00897600518576845,0.0008311060028299181,25072.453094559514,61311796.770981275
Pennsylvania,PA,84311.83,1592.95,23929.78,130163.55,155781.59,1046.54,1910.87,76166.02,3572.25,23.2,1688.27,240093.43,0.3511625869979033,0.0066347088298084,0.0996686165048331,0.5421370755542957,0.6488373713516442,0.0043588864551603,0.0079588600154531,0.31723491975603,0.0148785828916684,9.662904978282828e-05,0.0070317209429679,1.0,3458229,3377674,6915283,0.5000849567544814,0.4884361204017247,,,,,,,,,,,,,,,,,,,,,
Rhode Island,RI,1327.32,218.45,0.0,6963.77,7022.67,888.48,7.38,0.0,209.34,3.67,58.9,8349.99,0.1589606694139753,0.0261617079780933,0.0,0.8339854299226707,0.8410393305860246,0.106404917850201,0.0008838333938124,0.0,0.0250706887074116,0.0004395214844568,0.007053900663354,1.0,307486,199922,516990,0.5947619876593357,0.3867038047157585,39845.955555555556,12883.133333333333,90820.82222222222,42288.46666666667,4487.155555555555,1609.9333333333334,16207.444444444445,7184.266666666666,485.5777777777778,0.041902564880046816,0.44203946151744267,0.1752988410509981,989.3432923809945,9.686497582001945,1.723654285099243,2.60385462896729,1.723654285099243,0.00029153906120209347,0.000435186881484648,2603.8546289672895,70619543.86698014
South Carolina,SC,60613.99,1992.03,14243.46,24143.89,38615.96,2942.0,1310.21,54369.75,0.0,0.0,228.61,99229.95,0.6108437019266865,0.020074886664762,0.1435399292249971,0.2433125281228097,0.3891562980733135,0.0296483067864087,0.0132037756745821,0.5479167328009336,0.0,0.0,0.0023038407255067,1.0,1091541,1385103,2514096,0.4341683849781392,0.5509348091719648,11015.826347305388,4470.011976047904,90442.25748502994,49340.48502994012,1176.502994011976,928.2634730538922,8507.08982035928,417.65269461077844,35.131736526946106,0.06108779591568783,0.8184848478051551,0.027069966985504394,1101.9408235730918,9.950776055688111,2.010316985040723,8.725043708861575,2.010316985040723,0.0025524893799390817,3.500959110951095e-05,8725.043708861574,19002624.121306755
South Dakota,SD,14586.74,28.75,1874.8,1424.34,3315.99,4.34,4258.54,0.0,10295.11,0.0,16.85,17902.73,0.8147774110428968,0.0016059003291676,0.1047214586825584,0.0795599330381455,0.1852225889571032,0.0002424211279508,0.2378709839225637,0.0,0.5750581056632146,0.0,0.0009411972363991,1.0,150471,261043,422609,0.3560525213613529,0.6176938967225024,19436.526315789473,7495.1578947368425,57272.68421052631,30658.36842105263,3348.0,4100.631578947368,13699.526315789473,322.57894736842104,56.31578947368421,0.20363831631191098,0.7121437267103542,0.017206907546155566,1085.075201993287,1.468393599432539,4.138392439687668,61.85289392329217,4.138392439687668,0.00010776814651000232,1.2872929202663754e-05,61852.893923292155,83923237.52806026
Tennessee,TN,45550.52,433.98,15885.54,16520.81,32568.07,751.55,8706.76,35635.4,14.86,7.97,161.72,78118.59,0.5830944977373503,0.0055553998094435,0.2033515965917972,0.2114837198162435,0.4169055022626496,0.0096206293533971,0.1114556727150349,0.4561705478811126,0.0001902236074665,0.0001020243708955,0.0020701858546089,1.0,1143711,1852475,3053851,0.374514342710237,0.6066029416628381,28986.56923076923,11343.138461538461,76717.28717948718,41535.63076923077,3386.753846153846,7108.076923076923,17175.71282051282,1326.5948717948718,241.1948717948718,0.2254499538019625,0.6295812730886474,0.035234111853946724,1036.4672948664015,7.965120944308157,2.7686313078190516,14.767543352725284,2.7686313078190516,0.0005718915157642039,1.9642871497920287e-05,14767.543352725284,89375533.94786686
Texas,TX,184023.7,1472.87,85336.95,256139.77,344538.25,25437.09,620.18,41606.95,114786.91,99.71,3061.54,528561.97,0.3481591761132569,0.0027865606751844,0.1614511728870694,0.484597425728529,0.6518407860482283,0.0481250855032192,0.0011733345098588,0.078717259964806,0.2171683104631988,0.0001886439162469,0.0057922063518871,1.0,5259126,5890347,11315056,0.4647900991387051,0.5205760360355265,23354.322957198445,9214.997405966278,90443.03501945526,47046.216601815824,2472.2088197146563,2885.282749675746,15855.653696498055,1397.7963683527885,167.77561608300908,0.10322931511384689,0.7322656574707008,0.05029047494251059,1126.3616561688948,22.2034358300789,3.6480349609663296,5.331429735115437,3.6480349609663296,0.0035204237647962025,0.00037065499093923555,5331.429735115437,82592691.1143705
Utah,UT,6486.37,73.82,22390.22,11107.09,33677.04,4628.94,595.36,0.0,723.44,464.81,179.73,40163.41,0.161499484232041,0.0018379913458543,0.5574780627441743,0.2765474843893982,0.8385005157679589,0.1152526640541726,0.0148234425313986,0.0,0.0180124147825097,0.0115729715181056,0.0044749686343863,1.0,560282,865140,1488289,0.3764604858330606,0.5812983902991959,15915.40625,6368.333333333333,73054.10416666667,35798.59375,2134.9479166666665,1727.7395833333333,12286.59375,417.8958333333333,76.76041666666667,0.10609486599163076,0.7770675231268639,0.01909012778259719,1212.8894669580068,41.50158655402513,9.313778875840322,45.91506317360115,9.313778875840322,0.021600061040853814,0.013555925255816115,45915.06317360115,84509628.0196641
Vermont,VT,2385.58,422.2,0.0,1.5,9.63,413.51,1140.69,0.0,409.18,0.0,8.13,2395.21,0.9959794757035916,0.1762684691530179,0.0,0.0006262498904062,0.0040205242964082,0.1726403947879309,0.4762379916583514,0.0,0.1708326201042914,0.0,0.0033942744060019,1.0,242820,112704,370968,0.6545578055250049,0.3038105712622113,28491.625,10323.875,64741.25,35397.5,4571.375,1276.125,14589.25,805.0,212.875,0.039932015128957055,0.5347964431181651,0.02572628255032746,943.5,18.53438790438103,3.1903855260753304,6.619699489656215,3.1903855260753304,0.00113927889256139,7.539676030956147e-05,6619.6994896562155,108977262.25385779
Virginia,VA,36561.66,3645.3,3346.07,48801.99,53322.78,5015.07,-364.71,28197.34,50.85,17.81,1174.72,89884.44,0.4067629502948452,0.0405554064752475,0.037226354194341,0.5429414701810458,0.5932370497051547,0.0557946403181685,-0.0040575432188263,0.3137065770226749,0.0005657263926882,0.0001981433048923,0.0130692253297678,1.0,2413568,1962430,4460524,0.5410951717780242,0.4399550366728214,36693.931818181816,17100.772727272728,125464.18181818182,102701.79545454546,5475.0,5272.068181818182,18792.727272727272,4407.090909090909,185.3409090909091,0.13423766422739883,0.5400357421928391,0.13968162075159415,1047.189371968134,5.334029615158815,0.2802372293252588,32.60825233791024,0.2802372293252588,0.0003631211254398704,0.0001331143914967386,32608.25233791023,9425673.93485304
Washington,WA,98646.65,1312.82,3565.97,14532.32,18455.34,476.5,78926.59,9851.54,8060.91,18.29,357.05,117101.99,0.8423994331778648,0.0112109111040726,0.0304518309210629,0.1240996843862345,0.1576005668221351,0.0040691024977457,0.6739987083054694,0.0841278615333522,0.0688366611020017,0.000156188635223,0.0030490515148376,1.0,2369612,1584651,4087631,0.5797030113530306,0.3876697774334327,31781.843220338982,11704.597457627118,81738.79237288136,40687.00847457627,3624.4533898305085,1331.8516949152543,22242.95338983051,1169.427966101695,533.5042372881356,0.03595680137746341,0.7228868508852161,0.03368463412442065,881.1357184271092,26.561070082820454,3.527677740164418,21.62241828195265,3.527677740164418,0.005775898969474995,0.00013493839510212704,21622.418281952658,110744169.17345881
West Virginia,WV,3697.57,10.2,50717.5,2110.47,53000.99,33.21,1647.26,0.0,2006.9,0.0,173.02,56698.56,0.0652145310215991,0.0001798987487512,0.8945112539013337,0.0372226384585428,0.9347854689784008,0.0005857291613755,0.0290529424380442,0.0,0.035395960673428,0.0,0.0030515766185243,1.0,235984,545382,794652,0.2969652124451961,0.6863155192461606,31596.74647887324,11417.718309859154,111088.59154929577,53724.94366197183,6321.661971830986,8259.788732394367,10967.338028169013,1739.1267605633802,237.90140845070422,0.17711063337667324,0.5278247448175747,0.0558223992839963,978.6670471937502,1.4875896719682105,1.153037941717738,20.88782558347348,1.153037941717738,0.00014877202861216389,1.5562993580297252e-05,20887.82558347348,25153104.14419421
Wisconsin,WI,16119.82,1153.76,21922.95,23276.43,45252.19,1032.5,1990.98,10077.02,1815.72,49.84,52.81,61372.01,0.2626575209122204,0.0187994494558675,0.3572141437114411,0.3792678453907571,0.7373424790877796,0.0168236301858127,0.032441173101549,0.1641956976804247,0.0295854738992579,0.0008120965893083,0.0008604899855813,1.0,1630866,1610184,3298041,0.4944953686142774,0.4882243731960882,20062.641791044774,7835.825870646766,69805.83084577114,37005.08457711443,2634.0696517412935,4577.865671641791,13395.65671641791,524.2935323383084,56.09950248756219,0.23257605003711435,0.6767268733757263,0.020091707439529673,976.770388735165,11.27899865935785,5.3898323219205215,76.66960602498595,5.3898323219205215,0.002799310270849058,0.00016530724664227665,76669.60602498597,94687256.93821667
Wyoming,WY,10733.76,0.0,33517.89,1661.25,35636.69,208.87,744.75,0.0,9780.14,0.0,457.55,46370.45,0.2314784523333286,0.0,0.7228286548868946,0.0358256173921107,0.7685215476666715,0.0045043772488729,0.0160608749753345,0.0,0.2109132001091212,0.0,0.009867275387666,1.0,73491,193559,278503,0.2638786655799039,0.6949978994840271,37161.333333333336,13993.0,106401.0,48704.0,2036.7777777777778,1929.6666666666667,32310.666666666668,971.3333333333334,27.0,0.04382943121331307,0.8879478062994335,0.020748979272876732,1151.753282645426,4.134111273080439,3.8040519537911504,4.780123017858139,3.8040519537911504,0.0002238383778320199,1.3744644631966826e-05,4780.123017858138,167514802.5599084
